-- phpMyAdmin SQL Dump
-- version 5.2.1
-- https://www.phpmyadmin.net/
--
-- Gép: mysql.omega:3306
-- Létrehozás ideje: 2023. Nov 25. 07:55
-- Kiszolgáló verziója: 5.7.42-log
-- PHP verzió: 7.2.34-43+0~20230902.90+debian12~1.gbpc2a431

SET SQL_MODE = "NO_AUTO_VALUE_ON_ZERO";
START TRANSACTION;
SET time_zone = "+00:00";


/*!40101 SET @OLD_CHARACTER_SET_CLIENT=@@CHARACTER_SET_CLIENT */;
/*!40101 SET @OLD_CHARACTER_SET_RESULTS=@@CHARACTER_SET_RESULTS */;
/*!40101 SET @OLD_COLLATION_CONNECTION=@@COLLATION_CONNECTION */;
/*!40101 SET NAMES utf8mb4 */;

--
-- Adatbázis: `nb1adatbazis`
--
CREATE DATABASE IF NOT EXISTS `nb1adatbazis` DEFAULT CHARACTER SET utf8 COLLATE utf8_general_ci;
USE `nb1adatbazis`;

-- --------------------------------------------------------

--
-- Tábla szerkezet ehhez a táblához `failed_jobs`
--

CREATE TABLE `failed_jobs` (
  `id` bigint(20) UNSIGNED NOT NULL,
  `uuid` varchar(255) COLLATE utf8mb4_unicode_ci NOT NULL,
  `connection` text COLLATE utf8mb4_unicode_ci NOT NULL,
  `queue` text COLLATE utf8mb4_unicode_ci NOT NULL,
  `payload` longtext COLLATE utf8mb4_unicode_ci NOT NULL,
  `exception` longtext COLLATE utf8mb4_unicode_ci NOT NULL,
  `failed_at` timestamp NOT NULL DEFAULT CURRENT_TIMESTAMP
) ENGINE=InnoDB DEFAULT CHARSET=utf8mb4 COLLATE=utf8mb4_unicode_ci;

-- --------------------------------------------------------

--
-- Tábla szerkezet ehhez a táblához `klub`
--

CREATE TABLE `klub` (
  `id` bigint(20) UNSIGNED NOT NULL,
  `csapatnev` varchar(255) COLLATE utf8mb4_unicode_ci NOT NULL,
  `created_at` timestamp NULL DEFAULT NULL,
  `updated_at` timestamp NULL DEFAULT NULL
) ENGINE=InnoDB DEFAULT CHARSET=utf8mb4 COLLATE=utf8mb4_unicode_ci;

--
-- A tábla adatainak kiíratása `klub`
--

INSERT INTO `klub` (`id`, `csapatnev`, `created_at`, `updated_at`) VALUES
(1, 'Vasas FC', '2022-11-30 18:12:32', '2022-11-30 18:12:32'),
(2, 'Ferencvárosi TC', '2022-11-30 18:12:32', '2022-11-30 18:12:32'),
(3, 'Puskás Akadémia FC', '2022-11-30 18:12:32', '2022-11-30 18:12:32'),
(4, 'Debreceni VSC', '2022-11-30 18:12:32', '2022-11-30 18:12:32'),
(5, 'Budapest Honvéd FC', '2022-11-30 18:12:33', '2022-11-30 18:12:33'),
(6, 'Szombathelyi Haladás', '2022-11-30 18:12:33', '2022-11-30 18:12:33'),
(7, 'Paksi FC', '2022-11-30 18:12:33', '2022-11-30 18:12:33'),
(8, 'Mezőkövesd Zsóry FC', '2022-11-30 18:12:33', '2022-11-30 18:12:33'),
(9, 'Diósgyőri VTK', '2022-11-30 18:12:33', '2022-11-30 18:12:33'),
(10, 'Újpest FC', '2022-11-30 18:12:33', '2022-11-30 18:12:33'),
(11, 'Balmazújváros FC', '2022-11-30 18:12:33', '2022-11-30 18:12:33'),
(12, 'Videoton FC', '2022-11-30 18:12:33', '2022-11-30 18:12:33');

-- --------------------------------------------------------

--
-- Tábla szerkezet ehhez a táblához `labdarugo`
--

CREATE TABLE `labdarugo` (
  `id` bigint(20) UNSIGNED NOT NULL,
  `mezszam` int(11) NOT NULL,
  `klubid` int(11) NOT NULL,
  `posztid` int(11) NOT NULL,
  `utonev` varchar(255) COLLATE utf8mb4_unicode_ci DEFAULT NULL,
  `vezeteknev` varchar(255) COLLATE utf8mb4_unicode_ci NOT NULL,
  `szulido` date NOT NULL,
  `magyar` tinyint(1) NOT NULL,
  `kulfoldi` tinyint(1) NOT NULL,
  `ertek` int(11) NOT NULL,
  `created_at` timestamp NULL DEFAULT NULL,
  `updated_at` timestamp NULL DEFAULT NULL
) ENGINE=InnoDB DEFAULT CHARSET=utf8mb4 COLLATE=utf8mb4_unicode_ci;

--
-- A tábla adatainak kiíratása `labdarugo`
--

INSERT INTO `labdarugo` (`id`, `mezszam`, `klubid`, `posztid`, `utonev`, `vezeteknev`, `szulido`, `magyar`, `kulfoldi`, `ertek`, `created_at`, `updated_at`) VALUES
(1, 18, 11, 4, 'Attila', 'Haris', '1997-01-23', 1, 0, 150, '2022-11-30 18:12:21', '2022-11-30 18:12:21'),
(2, 31, 6, 12, 'Márió', 'Németh', '1995-05-01', 1, 0, 300, '2022-11-30 18:12:21', '2022-11-30 18:12:21'),
(3, 77, 4, 2, 'Aleksandar', 'Jovanovic', '1984-10-26', 0, 1, 300, '2022-11-30 18:12:21', '2022-11-30 18:12:21'),
(4, 14, 4, 8, 'Krisztián', 'Kuti', '1992-12-04', 1, 0, 100, '2022-11-30 18:12:22', '2022-11-30 18:12:22'),
(5, 9, 3, 10, 'Ulysse', 'Diallo', '1992-10-26', 0, 1, 250, '2022-11-30 18:12:22', '2022-11-30 18:12:22'),
(6, 12, 3, 4, 'Balázs', 'Balogh', '1990-06-11', 1, 0, 400, '2022-11-30 18:12:22', '2022-11-30 18:12:22'),
(7, 33, 3, 7, 'Gábor', 'Molnár', '1994-05-16', 1, 0, 400, '2022-11-30 18:12:22', '2022-11-30 18:12:22'),
(8, 7, 7, 1, 'Tamás', 'Báló', '1984-01-12', 1, 0, 100, '2022-11-30 18:12:22', '2022-11-30 18:12:22'),
(9, 17, 12, 4, 'Máté', 'Pátkai', '1988-03-06', 1, 0, 750, '2022-11-30 18:12:22', '2022-11-30 18:12:22'),
(10, 10, 8, 4, 'Bence', 'Iszlai', '1990-05-29', 1, 0, 300, '2022-11-30 18:12:22', '2022-11-30 18:12:22'),
(11, 28, 2, 12, 'Joseph', 'Paintsil', '1998-02-01', 0, 1, 400, '2022-11-30 18:12:22', '2022-11-30 18:12:22'),
(12, 12, 6, 6, 'Bence', 'Kiss', '1999-07-01', 1, 0, 150, '2022-11-30 18:12:22', '2022-11-30 18:12:22'),
(13, 1, 9, 9, 'Erik', 'Bukrán', '1996-12-06', 1, 0, 75, '2022-11-30 18:12:22', '2022-11-30 18:12:22'),
(14, 71, 11, 2, 'Ádám', 'Orovecz', '1997-10-23', 1, 0, 50, '2022-11-30 18:12:22', '2022-11-30 18:12:22'),
(15, 23, 11, 7, 'Ádám', 'Kovács', '1991-04-14', 1, 0, 150, '2022-11-30 18:12:22', '2022-11-30 18:12:22'),
(16, 27, 1, 7, 'Benedek', 'Murka', '1997-09-10', 1, 0, 250, '2022-11-30 18:12:22', '2022-11-30 18:12:22'),
(17, 19, 9, 8, 'Tibor', 'Nagy', '1991-08-14', 1, 0, 150, '2022-11-30 18:12:22', '2022-11-30 18:12:22'),
(18, 22, 7, 12, 'Áron', 'Fejős', '1997-04-17', 1, 0, 50, '2022-11-30 18:12:22', '2022-11-30 18:12:22'),
(19, 56, 11, 10, 'Miklós', 'Belényesi', '1983-05-15', 1, 0, 50, '2022-11-30 18:12:22', '2022-11-30 18:12:22'),
(20, 1, 3, 9, 'Balázs', 'Tóth', '1997-09-04', 1, 0, 50, '2022-11-30 18:12:22', '2022-11-30 18:12:22'),
(21, 6, 4, 8, 'Balázs', 'Bényei', '1990-01-10', 1, 0, 250, '2022-11-30 18:12:22', '2022-11-30 18:12:22'),
(22, 21, 6, 3, 'Tamás', 'Kiss', '2000-11-24', 1, 0, 50, '2022-11-30 18:12:22', '2022-11-30 18:12:22'),
(23, 25, 4, 10, 'Haris', 'Tabakovic', '1994-06-20', 0, 1, 250, '2022-11-30 18:12:22', '2022-11-30 18:12:22'),
(24, 14, 10, 6, 'Alassane', 'Diallo', '1995-02-19', 0, 1, 200, '2022-11-30 18:12:22', '2022-11-30 18:12:22'),
(25, 94, 7, 10, 'Bence', 'Daru', '1994-06-05', 1, 0, 125, '2022-11-30 18:12:22', '2022-11-30 18:12:22'),
(26, 99, 8, 12, 'Márk', 'Murai', '1996-07-15', 1, 0, 25, '2022-11-30 18:12:22', '2022-11-30 18:12:22'),
(27, 40, 1, 10, 'István', 'Ferenczi', '1977-09-14', 1, 0, 50, '2022-11-30 18:12:22', '2022-11-30 18:12:22'),
(28, 3, 6, 8, 'Dávid', 'Tóth', '1998-07-09', 1, 0, 100, '2022-11-30 18:12:22', '2022-11-30 18:12:22'),
(29, 4, 9, 11, 'Márk', 'Tamás', '1993-10-28', 1, 0, 300, '2022-11-30 18:12:22', '2022-11-30 18:12:22'),
(30, 74, 12, 9, 'Ádám', 'Kovácsik', '1991-04-04', 1, 0, 450, '2022-11-30 18:12:22', '2022-11-30 18:12:22'),
(31, 17, 10, 13, 'Viktor', 'Angelov', '1994-03-27', 0, 1, 150, '2022-11-30 18:12:23', '2022-11-30 18:12:23'),
(32, 31, 12, 5, 'Dávid', 'Barczi', '1989-02-01', 1, 0, 200, '2022-11-30 18:12:23', '2022-11-30 18:12:23'),
(33, 26, 11, 5, 'Sándor', 'Vajda', '1991-12-14', 1, 1, 200, '2022-11-30 18:12:23', '2022-11-30 18:12:23'),
(34, 30, 7, 1, 'János', 'Szabó', '1989-07-11', 1, 0, 350, '2022-11-30 18:12:23', '2022-11-30 18:12:23'),
(35, 25, 12, 1, 'Krisztián', 'Tamás', '1995-04-18', 1, 0, 150, '2022-11-30 18:12:23', '2022-11-30 18:12:23'),
(36, 6, 11, 11, 'Krisztián', 'Póti', '1988-05-28', 1, 0, 100, '2022-11-30 18:12:23', '2022-11-30 18:12:23'),
(37, 14, 8, 10, 'Lazar', 'Veselinovic', '1986-08-04', 0, 1, 300, '2022-11-30 18:12:23', '2022-11-30 18:12:23'),
(38, 9, 9, 10, 'Patrik', 'Bacsa', '1992-06-03', 1, 0, 150, '2022-11-30 18:12:23', '2022-11-30 18:12:23'),
(39, 1, 11, 9, 'Gergő', 'Szécsi', '1989-02-07', 1, 0, 75, '2022-11-30 18:12:23', '2022-11-30 18:12:23'),
(40, 2, 5, 11, 'Dávid', 'Bobál', '1995-08-31', 1, 0, 450, '2022-11-30 18:12:23', '2022-11-30 18:12:23'),
(41, 2, 8, 8, 'Dániel', 'Farkas', '1993-01-13', 1, 1, 225, '2022-11-30 18:12:23', '2022-11-30 18:12:23'),
(42, 87, 9, 11, 'Róbert', 'Tucsa', '1998-03-17', 1, 0, 50, '2022-11-30 18:12:23', '2022-11-30 18:12:23'),
(43, 29, 2, 10, 'Tamás', 'Priskin', '1986-09-27', 1, 0, 500, '2022-11-30 18:12:23', '2022-11-30 18:12:23'),
(44, 55, 11, 6, 'István', 'Bódis', '1997-01-19', 1, 0, 100, '2022-11-30 18:12:23', '2022-11-30 18:12:23'),
(45, 97, 2, 7, 'Roland', 'Varga', '1990-01-23', 1, 0, 1000, '2022-11-30 18:12:23', '2022-11-30 18:12:23'),
(46, 16, 5, 6, 'Zsolt', 'Pölöskei', '1991-02-19', 1, 0, 250, '2022-11-30 18:12:23', '2022-11-30 18:12:23'),
(47, 5, 12, 8, 'Attila', 'Fiola', '1990-02-17', 1, 0, 700, '2022-11-30 18:12:23', '2022-11-30 18:12:23'),
(48, 13, 6, 8, 'Kristóf', 'Polgár', '1996-11-28', 1, 0, 200, '2022-11-30 18:12:23', '2022-11-30 18:12:23'),
(49, 42, 4, 7, 'Norbert', 'Könyves', '1989-06-10', 1, 1, 250, '2022-11-30 18:12:23', '2022-11-30 18:12:23'),
(50, 23, 1, 4, 'Máté', 'Vida', '1996-03-08', 1, 0, 700, '2022-11-30 18:12:23', '2022-11-30 18:12:23'),
(51, 86, 10, 10, 'Soma', 'Novothny', '1994-06-16', 1, 0, 400, '2022-11-30 18:12:23', '2022-11-30 18:12:23'),
(52, 4, 1, 11, 'Kire', 'Ristevski', '1990-10-22', 0, 1, 700, '2022-11-30 18:12:23', '2022-11-30 18:12:23'),
(53, 1, 7, 9, 'Péter', 'Molnár', '1983-12-14', 0, 1, 200, '2022-11-30 18:12:23', '2022-11-30 18:12:23'),
(54, 28, 10, 6, 'Obinna', 'Nwobodo', '1996-11-29', 0, 1, 150, '2022-11-30 18:12:23', '2022-11-30 18:12:23'),
(55, 55, 12, 11, 'Bence', 'Tóth', '1998-05-25', 1, 0, 250, '2022-11-30 18:12:23', '2022-11-30 18:12:23'),
(56, 86, 5, 1, 'Zsolt', 'Laczkó', '1986-12-18', 1, 0, 300, '2022-11-30 18:12:23', '2022-11-30 18:12:23'),
(57, 10, 10, 7, 'Donát', 'Zsótér', '1996-01-06', 1, 0, 300, '2022-11-30 18:12:23', '2022-11-30 18:12:23'),
(58, 13, 2, 10, 'Dániel', 'Böde', '1986-10-21', 1, 0, 600, '2022-11-30 18:12:23', '2022-11-30 18:12:23'),
(59, 90, 8, 9, 'Tomas', 'Tujvel', '1983-09-19', 0, 1, 175, '2022-11-30 18:12:23', '2022-11-30 18:12:23'),
(60, 17, 8, 11, 'Róbert', 'Pillár', '1991-05-27', 0, 1, 200, '2022-11-30 18:12:23', '2022-11-30 18:12:23'),
(61, 20, 5, 4, 'Mihály', 'Csábi', '1995-03-25', 1, 0, 75, '2022-11-30 18:12:23', '2022-11-30 18:12:23'),
(62, 6, 6, 11, 'Stef', 'Wils', '1982-08-02', 0, 1, 225, '2022-11-30 18:12:23', '2022-11-30 18:12:23'),
(63, 31, 2, 9, 'Ádám', 'Holczer', '1988-03-28', 1, 0, 150, '2022-11-30 18:12:23', '2022-11-30 18:12:23'),
(64, 1, 10, 9, 'Filip', 'Pajovic', '1993-07-30', 0, 1, 300, '2022-11-30 18:12:23', '2022-11-30 18:12:23'),
(65, 30, 9, 6, NULL, 'Nono', '1993-03-30', 0, 1, 350, '2022-11-30 18:12:23', '2022-11-30 18:12:23'),
(66, 94, 9, 8, 'Gábor', 'Eperjesi', '1994-01-12', 1, 0, 200, '2022-11-30 18:12:23', '2022-11-30 18:12:23'),
(67, 30, 2, 12, 'Rui', 'Pedro', '1988-07-02', 0, 1, 750, '2022-11-30 18:12:23', '2022-11-30 18:12:23'),
(68, 10, 4, 10, 'Tibor', 'Tisza', '1984-11-10', 1, 0, 200, '2022-11-30 18:12:23', '2022-11-30 18:12:23'),
(69, 20, 3, 11, 'Vilmos', 'Vanczák', '1983-06-20', 1, 0, 200, '2022-11-30 18:12:23', '2022-11-30 18:12:23'),
(70, 16, 6, 12, 'Barnabás', 'Rácz', '1996-04-26', 1, 0, 250, '2022-11-30 18:12:23', '2022-11-30 18:12:23'),
(71, 90, 2, 9, 'Dénes', 'Dibusz', '1990-11-16', 1, 0, 750, '2022-11-30 18:12:23', '2022-11-30 18:12:23'),
(72, 8, 12, 4, 'Anel', 'Hadzic', '1989-08-16', 0, 1, 800, '2022-11-30 18:12:23', '2022-11-30 18:12:23'),
(73, 23, 7, 8, 'András', 'Vági', '1988-12-25', 1, 0, 200, '2022-11-30 18:12:23', '2022-11-30 18:12:23'),
(74, 24, 8, 3, 'Tamás', 'Cseri', '1988-01-15', 1, 0, 175, '2022-11-30 18:12:24', '2022-11-30 18:12:24'),
(75, 28, 3, 6, 'Stipe', 'Bacelic-Grgic', '1988-02-16', 0, 1, 300, '2022-11-30 18:12:24', '2022-11-30 18:12:24'),
(76, 9, 8, 10, 'Csanád', 'Novák', '1994-09-24', 1, 0, 200, '2022-11-30 18:12:24', '2022-11-30 18:12:24'),
(77, 18, 5, 9, 'András', 'Horváth', '1988-02-23', 1, 0, 150, '2022-11-30 18:12:24', '2022-11-30 18:12:24'),
(78, 20, 1, 4, 'Márk', 'Kleisz', '1998-07-02', 1, 0, 400, '2022-11-30 18:12:24', '2022-11-30 18:12:24'),
(79, 44, 3, 9, 'Branislav', 'Danilovic', '1988-06-24', 0, 1, 300, '2022-11-30 18:12:24', '2022-11-30 18:12:24'),
(80, 33, 4, 4, 'Richárd', 'Csősz', '1997-04-22', 1, 0, 50, '2022-11-30 18:12:24', '2022-11-30 18:12:24'),
(81, 92, 5, 10, 'Kristóf', 'Herjeczki', '1998-06-29', 1, 0, 100, '2022-11-30 18:12:24', '2022-11-30 18:12:24'),
(82, 91, 2, 10, 'Balázs', 'Lovrencsics', '1991-08-30', 1, 0, 200, '2022-11-30 18:12:24', '2022-11-30 18:12:24'),
(83, 20, 9, 6, 'Attila', 'Busai', '1989-01-21', 1, 0, 250, '2022-11-30 18:12:24', '2022-11-30 18:12:24'),
(84, 8, 9, 4, 'Bálint', 'Oláh', '1994-12-02', 1, 0, 150, '2022-11-30 18:12:24', '2022-11-30 18:12:24'),
(85, 15, 9, 4, 'Barnabás', 'Tóth', '1994-07-28', 1, 0, 150, '2022-11-30 18:12:24', '2022-11-30 18:12:24'),
(86, 22, 10, 1, 'Dávid', 'Mohl', '1985-04-28', 1, 0, 250, '2022-11-30 18:12:24', '2022-11-30 18:12:24'),
(87, 69, 11, 10, 'Roland', 'Vólent', '1992-09-23', 1, 0, 75, '2022-11-30 18:12:24', '2022-11-30 18:12:24'),
(88, 3, 1, 4, 'Manjrekar', 'James', '1993-08-05', 0, 1, 200, '2022-11-30 18:12:24', '2022-11-30 18:12:24'),
(89, 10, 12, 12, 'István', 'Kovács', '1992-03-27', 1, 0, 400, '2022-11-30 18:12:24', '2022-11-30 18:12:24'),
(90, 66, 5, 9, 'Attila', 'Berla', '1999-04-08', 1, 0, 50, '2022-11-30 18:12:24', '2022-11-30 18:12:24'),
(91, 8, 1, 10, 'Martin', 'Ádám', '1994-11-06', 1, 0, 300, '2022-11-30 18:12:24', '2022-11-30 18:12:24'),
(92, 11, 2, 12, 'István', 'Bognár', '1991-05-06', 1, 0, 300, '2022-11-30 18:12:24', '2022-11-30 18:12:24'),
(93, 16, 10, 4, 'Anton', 'Jönsson Salétros', '1996-04-12', 0, 1, 250, '2022-11-30 18:12:24', '2022-11-30 18:12:24'),
(94, 22, 12, 1, NULL, 'Stopira', '1988-05-20', 0, 1, 750, '2022-11-30 18:12:24', '2022-11-30 18:12:24'),
(95, 66, 6, 9, 'Dániel', 'Rózsa', '1984-11-24', 1, 0, 200, '2022-11-30 18:12:24', '2022-11-30 18:12:24'),
(96, 39, 8, 11, 'Dávid', 'Hudák', '1993-03-21', 0, 1, 275, '2022-11-30 18:12:24', '2022-11-30 18:12:24'),
(97, 9, 1, 2, 'Botond', 'Király', '1994-10-26', 1, 0, 150, '2022-11-30 18:12:24', '2022-11-30 18:12:24'),
(98, 15, 8, 12, 'Marek', 'Strestik', '1987-02-01', 1, 1, 350, '2022-11-30 18:12:24', '2022-11-30 18:12:24'),
(99, 7, 1, 1, 'Szilveszter', 'Hangya', '1994-01-02', 1, 0, 600, '2022-11-30 18:12:24', '2022-11-30 18:12:24'),
(100, 24, 4, 4, 'Danilo', 'Sekulic', '1990-04-18', 0, 1, 350, '2022-11-30 18:12:24', '2022-11-30 18:12:24'),
(101, 3, 2, 10, 'Norbert', 'Kundrák', '1999-05-18', 1, 0, 100, '2022-11-30 18:12:24', '2022-11-30 18:12:24'),
(102, 9, 5, 10, 'Márton', 'Eppel', '1991-10-26', 1, 0, 650, '2022-11-30 18:12:24', '2022-11-30 18:12:24'),
(103, 14, 3, 11, 'Jonathan', 'Heris', '1990-09-03', 0, 1, 600, '2022-11-30 18:12:24', '2022-11-30 18:12:24'),
(104, 19, 10, 11, 'Mijusko', 'Bojovic', '1988-08-09', 0, 1, 300, '2022-11-30 18:12:24', '2022-11-30 18:12:24'),
(105, 14, 2, 11, 'Zsombor', 'Takács', '1999-02-22', 1, 0, 50, '2022-11-30 18:12:24', '2022-11-30 18:12:24'),
(106, 96, 7, 11, 'Bence', 'Lenzsér', '1996-04-09', 1, 0, 350, '2022-11-30 18:12:24', '2022-11-30 18:12:24'),
(107, 8, 3, 6, 'Dávid', 'Márkvárt', '1994-09-20', 1, 0, 300, '2022-11-30 18:12:24', '2022-11-30 18:12:24'),
(108, 23, 2, 3, 'Lukács', 'Bőle', '1990-03-27', 1, 0, 800, '2022-11-30 18:12:24', '2022-11-30 18:12:24'),
(109, 7, 10, 7, 'Krisztián', 'Simon', '1991-06-10', 1, 0, 150, '2022-11-30 18:12:24', '2022-11-30 18:12:24'),
(110, 5, 7, 11, 'Zsolt', 'Gévay', '1987-11-19', 1, 0, 225, '2022-11-30 18:12:24', '2022-11-30 18:12:24'),
(111, 11, 6, 10, 'David', 'Williams', '1988-02-26', 0, 1, 450, '2022-11-30 18:12:24', '2022-11-30 18:12:24'),
(112, 39, 7, 3, 'László', 'Bartha', '1987-02-09', 1, 0, 300, '2022-11-30 18:12:24', '2022-11-30 18:12:24'),
(113, 4, 4, 4, 'Ioan', 'Filip', '1989-05-20', 0, 1, 350, '2022-11-30 18:12:24', '2022-11-30 18:12:24'),
(114, 17, 9, 4, 'Miklós', 'Kitl', '1997-06-01', 1, 0, 125, '2022-11-30 18:12:24', '2022-11-30 18:12:24'),
(115, 28, 7, 12, 'Márk', 'Nikházi', '1989-02-02', 1, 0, 200, '2022-11-30 18:12:24', '2022-11-30 18:12:24'),
(116, 10, 11, 7, 'Ervin', 'Zsiga', '1991-07-11', 1, 1, 125, '2022-11-30 18:12:25', '2022-11-30 18:12:25'),
(117, 5, 10, 11, 'Róbert', 'Litauszki', '1990-03-15', 1, 0, 400, '2022-11-30 18:12:25', '2022-11-30 18:12:25'),
(118, 9, 6, 10, 'Miroslav', 'Grumic', '1984-06-29', 1, 1, 100, '2022-11-30 18:12:25', '2022-11-30 18:12:25'),
(119, 19, 3, 9, 'Lajos', 'Hegedüs', '1987-12-19', 1, 0, 300, '2022-11-30 18:12:25', '2022-11-30 18:12:25'),
(120, 10, 7, 7, 'Zsolt', 'Haraszti', '1991-11-04', 1, 0, 225, '2022-11-30 18:12:25', '2022-11-30 18:12:25'),
(121, 70, 4, 7, 'Kevin', 'Nagy', '1995-09-11', 1, 0, 100, '2022-11-30 18:12:25', '2022-11-30 18:12:25'),
(122, 92, 6, 10, NULL, 'Myke', '1992-10-30', 0, 1, 200, '2022-11-30 18:12:25', '2022-11-30 18:12:25'),
(123, 4, 2, 4, 'Stefan', 'Spirovski', '1990-08-23', 0, 1, 600, '2022-11-30 18:12:25', '2022-11-30 18:12:25'),
(124, 4, 11, 11, 'Adrián', 'Rus', '1996-03-18', 1, 1, 150, '2022-11-30 18:12:25', '2022-11-30 18:12:25'),
(125, 26, 7, 12, 'Lajos', 'Bertus', '1990-09-26', 1, 0, 300, '2022-11-30 18:12:25', '2022-11-30 18:12:25'),
(126, 16, 2, 11, NULL, 'Leandro', '1982-03-19', 1, 1, 150, '2022-11-30 18:12:25', '2022-11-30 18:12:25'),
(127, 8, 4, 6, 'Dániel', 'Tőzsér', '1985-05-12', 1, 0, 700, '2022-11-30 18:12:25', '2022-11-30 18:12:25'),
(128, 35, 6, 1, 'Predrag', 'Bosnjak', '1985-11-13', 1, 1, 300, '2022-11-30 18:12:25', '2022-11-30 18:12:25'),
(129, 14, 1, 10, 'Bálint', 'Gaál', '1991-07-14', 1, 0, 250, '2022-11-30 18:12:25', '2022-11-30 18:12:25'),
(130, 17, 2, 12, 'Kornél', 'Csernik', '1998-07-02', 1, 0, 100, '2022-11-30 18:12:25', '2022-11-30 18:12:25'),
(131, 16, 4, 10, 'Péter', 'Bíró', '1997-07-04', 1, 0, 50, '2022-11-30 18:12:25', '2022-11-30 18:12:25'),
(132, 99, 4, 5, 'Bence', 'Sós', '1994-05-10', 1, 0, 300, '2022-11-30 18:12:25', '2022-11-30 18:12:25'),
(133, 36, 5, 11, 'Botond', 'Baráth', '1992-04-21', 1, 0, 350, '2022-11-30 18:12:25', '2022-11-30 18:12:25'),
(134, 98, 6, 12, 'Máté', 'Tóth', '1998-06-20', 1, 0, 250, '2022-11-30 18:12:25', '2022-11-30 18:12:25'),
(135, 13, 1, 6, 'Zsombor', 'Berecz', '1995-12-13', 1, 0, 800, '2022-11-30 18:12:26', '2022-11-30 18:12:26'),
(136, 3, 8, 1, 'Dominik', 'Fótyik', '1990-06-16', 1, 0, 125, '2022-11-30 18:12:26', '2022-11-30 18:12:26'),
(137, 23, 10, 9, 'Dávid', 'Banai', '1994-05-09', 1, 0, 150, '2022-11-30 18:12:26', '2022-11-30 18:12:26'),
(138, 16, 8, 2, 'István', 'Csirmaz', '1995-05-04', 1, 0, 125, '2022-11-30 18:12:26', '2022-11-30 18:12:26'),
(139, 90, 1, 9, 'Dániel', 'Póser', '1990-01-12', 1, 0, 100, '2022-11-30 18:12:26', '2022-11-30 18:12:26'),
(140, 5, 9, 11, 'Zoltán', 'Lipták', '1984-12-10', 1, 0, 350, '2022-11-30 18:12:26', '2022-11-30 18:12:26'),
(141, 79, 6, 5, 'Péter', 'Halmosi', '1979-09-25', 1, 0, 100, '2022-11-30 18:12:26', '2022-11-30 18:12:26'),
(142, 30, 11, 5, 'Aladár', 'Virág', '1983-02-19', 1, 0, 50, '2022-11-30 18:12:26', '2022-11-30 18:12:26'),
(143, 77, 7, 8, 'Dávid', 'Kulcsár', '1988-02-25', 1, 0, 250, '2022-11-30 18:12:26', '2022-11-30 18:12:26'),
(144, 33, 12, 4, 'József', 'Varga', '1988-06-06', 1, 0, 500, '2022-11-30 18:12:26', '2022-11-30 18:12:26'),
(145, 49, 12, 3, 'Krisztián', 'Géresi', '1994-06-14', 1, 0, 350, '2022-11-30 18:12:26', '2022-11-30 18:12:26'),
(146, 88, 11, 9, 'László', 'Horváth', '1988-02-23', 1, 0, 150, '2022-11-30 18:12:26', '2022-11-30 18:12:26'),
(147, 70, 1, 13, 'Tamás', 'Kulcsár', '1982-10-13', 1, 0, 150, '2022-11-30 18:12:26', '2022-11-30 18:12:26'),
(148, 26, 10, 12, 'Dániel', 'Nagy', '1991-03-15', 1, 0, 300, '2022-11-30 18:12:26', '2022-11-30 18:12:26'),
(149, 1, 1, 9, 'Gergely', 'Nagy', '1994-05-27', 1, 0, 300, '2022-11-30 18:12:27', '2022-11-30 18:12:27'),
(150, 13, 4, 1, 'Szabolcs', 'Barna', '1996-04-27', 1, 0, 75, '2022-11-30 18:12:27', '2022-11-30 18:12:27'),
(151, 41, 8, 11, 'Attila', 'Szalai', '1998-01-20', 1, 0, 100, '2022-11-30 18:12:27', '2022-11-30 18:12:27'),
(152, 12, 1, 10, 'Nikolaos', 'Vergos', '1996-01-13', 0, 1, 250, '2022-11-30 18:12:27', '2022-11-30 18:12:27'),
(153, 13, 11, 6, 'Dávid', 'Sigér', '1990-11-30', 1, 0, 175, '2022-11-30 18:12:27', '2022-11-30 18:12:27'),
(154, 7, 2, 11, 'Bence', 'Batik', '1993-11-08', 1, 0, 300, '2022-11-30 18:12:27', '2022-11-30 18:12:27'),
(155, 23, 12, 11, 'Roland', 'Juhász', '1983-07-01', 1, 0, 500, '2022-11-30 18:12:27', '2022-11-30 18:12:27'),
(156, 21, 8, 12, 'Jakub', 'Brasen', '1989-05-02', 0, 1, 250, '2022-11-30 18:12:27', '2022-11-30 18:12:27'),
(157, 24, 3, 11, 'Patrik', 'Poór', '1993-11-25', 1, 0, 350, '2022-11-30 18:12:27', '2022-11-30 18:12:27'),
(158, 10, 9, 10, 'Roland', 'Ugrai', '1992-11-13', 1, 0, 400, '2022-11-30 18:12:27', '2022-11-30 18:12:27'),
(159, 26, 8, 1, 'Dániel', 'Vadnai', '1989-02-19', 1, 0, 200, '2022-11-30 18:12:27', '2022-11-30 18:12:27'),
(160, 7, 5, 10, 'Davide', 'Lanzafame', '1987-02-09', 0, 1, 1200, '2022-11-30 18:12:27', '2022-11-30 18:12:27'),
(161, 7, 6, 10, 'Patrik', 'Pinte', '1997-01-06', 0, 1, 125, '2022-11-30 18:12:27', '2022-11-30 18:12:27'),
(162, 27, 10, 4, 'Bence', 'Pávkovics', '1997-03-27', 1, 0, 200, '2022-11-30 18:12:27', '2022-11-30 18:12:27'),
(163, 99, 12, 3, 'Asmir', 'Suljic', '1991-09-11', 1, 1, 700, '2022-11-30 18:12:27', '2022-11-30 18:12:27'),
(164, 7, 11, 8, 'Yuri', 'Gabovda', '1989-05-06', 0, 1, 300, '2022-11-30 18:12:27', '2022-11-30 18:12:27'),
(165, 11, 4, 5, 'János', 'Ferenczi', '1991-04-03', 1, 0, 200, '2022-11-30 18:12:27', '2022-11-30 18:12:27'),
(166, 77, 5, 6, 'Gergő', 'Nagy', '1993-01-07', 1, 0, 350, '2022-11-30 18:12:27', '2022-11-30 18:12:27'),
(167, 71, 3, 8, 'Attila', 'Osváth', '1995-12-10', 1, 0, 300, '2022-11-30 18:12:27', '2022-11-30 18:12:27'),
(168, 33, 6, 11, 'Szilárd', 'Devecseri', '1990-02-13', 1, 0, 175, '2022-11-30 18:12:27', '2022-11-30 18:12:27'),
(169, 32, 10, 9, 'Zoltán', 'Kovács', '1984-10-29', 1, 0, 125, '2022-11-30 18:12:27', '2022-11-30 18:12:27'),
(170, 23, 6, 8, 'Szabolcs', 'Schimmer', '1984-02-24', 1, 0, 125, '2022-11-30 18:12:27', '2022-11-30 18:12:27'),
(171, 49, 10, 2, 'Branko', 'Pauljevic', '1989-06-12', 1, 1, 200, '2022-11-30 18:12:27', '2022-11-30 18:12:27'),
(172, 23, 4, 13, 'Dániel', 'Bereczki', '1995-06-02', 1, 0, 75, '2022-11-30 18:12:27', '2022-11-30 18:12:27'),
(173, 13, 8, 8, 'Pál', 'Lázár', '1988-03-11', 1, 0, 150, '2022-11-30 18:12:28', '2022-11-30 18:12:28'),
(174, 23, 9, 1, 'Dávid', 'Forgács', '1995-09-29', 1, 0, 100, '2022-11-30 18:12:28', '2022-11-30 18:12:28'),
(175, 8, 5, 8, 'Patrick', 'Ikenne-King', '1991-10-29', 0, 1, 400, '2022-11-30 18:12:28', '2022-11-30 18:12:28'),
(176, 17, 11, 7, 'Máté', 'Schmid', '1996-07-08', 1, 0, 50, '2022-11-30 18:12:28', '2022-11-30 18:12:28'),
(177, 44, 12, 10, 'Marko', 'Scepovic', '1991-05-23', 0, 1, 1200, '2022-11-30 18:12:28', '2022-11-30 18:12:28'),
(178, 21, 12, 10, 'Ezekiel', 'Henty', '1993-05-13', 0, 1, 1100, '2022-11-30 18:12:28', '2022-11-30 18:12:28'),
(179, 21, 4, 3, 'Kevin', 'Varga', '1996-03-30', 1, 0, 250, '2022-11-30 18:12:28', '2022-11-30 18:12:28'),
(180, 4, 6, 1, 'Gábor', 'Jánvári', '1990-04-25', 1, 0, 100, '2022-11-30 18:12:28', '2022-11-30 18:12:28'),
(181, 7, 12, 13, 'Danko', 'Lazovic', '1983-05-17', 0, 1, 500, '2022-11-30 18:12:28', '2022-11-30 18:12:28'),
(182, 15, 3, 4, 'Patrick', 'Mevoungou', '1986-02-15', 0, 1, 200, '2022-11-30 18:12:28', '2022-11-30 18:12:28'),
(183, 23, 8, 4, 'Paul', 'Keita', '1992-06-23', 0, 1, 300, '2022-11-30 18:12:28', '2022-11-30 18:12:28'),
(184, 98, 5, 10, 'Bálint', 'Tömösvári', '1998-06-14', 1, 0, 150, '2022-11-30 18:12:28', '2022-11-30 18:12:28'),
(185, 87, 7, 9, 'István', 'Verpecz', '1987-02-04', 1, 0, 150, '2022-11-30 18:12:28', '2022-11-30 18:12:28'),
(186, 5, 2, 1, 'Marcos', 'Pedroso', '1993-10-04', 0, 1, 900, '2022-11-30 18:12:28', '2022-11-30 18:12:28'),
(187, 20, 12, 11, 'Attila', 'Mocsi', '2000-05-29', 1, 0, 100, '2022-11-30 18:12:28', '2022-11-30 18:12:28'),
(188, 99, 5, 9, 'Dávid', 'Gróf', '1989-04-17', 1, 0, 350, '2022-11-30 18:12:28', '2022-11-30 18:12:28'),
(189, 14, 6, 7, 'Zoltán', 'Medgyes', '1995-07-23', 1, 0, 175, '2022-11-30 18:12:28', '2022-11-30 18:12:28'),
(190, 5, 5, 10, 'Gergely', 'Bobál', '1995-08-31', 1, 0, 150, '2022-11-30 18:12:28', '2022-11-30 18:12:28'),
(191, 21, 9, 4, 'Gergő', 'Kocsis', '1994-03-07', 1, 0, 200, '2022-11-30 18:12:28', '2022-11-30 18:12:28'),
(192, 18, 12, 12, 'Bence', 'Szabó', '1998-01-16', 1, 0, 150, '2022-11-30 18:12:28', '2022-11-30 18:12:28'),
(193, 6, 9, 2, 'Diego', 'Vela', '1991-11-27', 0, 1, 350, '2022-11-30 18:12:28', '2022-11-30 18:12:28'),
(194, 24, 5, 4, 'Djordje', 'Kamber', '1983-11-20', 1, 1, 300, '2022-11-30 18:12:28', '2022-11-30 18:12:28'),
(195, 21, 5, 3, 'Ákos', 'Bíró', '1998-04-25', 1, 0, 50, '2022-11-30 18:12:28', '2022-11-30 18:12:28'),
(196, 23, 3, 1, 'Csaba', 'Spandler', '1996-03-07', 1, 0, 175, '2022-11-30 18:12:28', '2022-11-30 18:12:28'),
(197, 51, 2, 4, 'András', 'Csonka', '2000-05-01', 1, 0, 75, '2022-11-30 18:12:28', '2022-11-30 18:12:28'),
(198, 8, 7, 6, 'Tamás', 'Kecskés', '1986-01-15', 1, 0, 150, '2022-11-30 18:12:28', '2022-11-30 18:12:28'),
(199, 6, 10, 4, 'József', 'Windecker', '1992-12-02', 1, 0, 400, '2022-11-30 18:12:28', '2022-11-30 18:12:28'),
(200, 8, 11, 10, 'Bachana', 'Arabuli', '1994-01-05', 0, 1, 300, '2022-11-30 18:12:28', '2022-11-30 18:12:28'),
(201, 1, 8, 9, 'Dávid', 'Dombó', '1993-02-26', 1, 0, 125, '2022-11-30 18:12:28', '2022-11-30 18:12:28'),
(202, 29, 11, 1, 'Áron', 'Schmid', '1998-09-29', 1, 0, 50, '2022-11-30 18:12:28', '2022-11-30 18:12:28'),
(203, 27, 9, 10, 'Ákos', 'Szarka', '1990-11-24', 0, 1, 300, '2022-11-30 18:12:28', '2022-11-30 18:12:28'),
(204, 6, 8, 1, 'Gergő', 'Gohér', '1987-06-16', 1, 0, 200, '2022-11-30 18:12:28', '2022-11-30 18:12:28'),
(205, 1, 6, 9, 'Gábor', 'Király', '1976-04-01', 1, 0, 100, '2022-11-30 18:12:29', '2022-11-30 18:12:29'),
(206, 2, 4, 11, 'Ákos', 'Kinyik', '1993-05-12', 1, 0, 250, '2022-11-30 18:12:29', '2022-11-30 18:12:29'),
(207, 17, 1, 10, 'Evgen', 'Pavlov', '1991-03-12', 0, 1, 250, '2022-11-30 18:12:29', '2022-11-30 18:12:29'),
(208, 19, 2, 4, 'Julian', 'Koch', '1990-11-11', 0, 1, 300, '2022-11-30 18:12:29', '2022-11-30 18:12:29'),
(209, 21, 2, 8, 'Endre', 'Botka', '1994-04-25', 1, 0, 450, '2022-11-30 18:12:29', '2022-11-30 18:12:29'),
(210, 10, 3, 13, 'András', 'Radó', '1993-09-09', 1, 0, 350, '2022-11-30 18:12:29', '2022-11-30 18:12:29'),
(211, 98, 1, 6, 'Bálint', 'Vogyicska', '1998-02-27', 1, 0, 250, '2022-11-30 18:12:29', '2022-11-30 18:12:29'),
(212, 6, 12, 1, 'András', 'Fejes', '1988-08-26', 1, 0, 300, '2022-11-30 18:12:29', '2022-11-30 18:12:29'),
(213, 74, 9, 5, 'Patrik', 'Ternován', '1997-06-10', 1, 0, 75, '2022-11-30 18:12:29', '2022-11-30 18:12:29'),
(214, 6, 1, 2, 'Donát', 'Szivacski', '1997-01-18', 1, 0, 200, '2022-11-30 18:12:29', '2022-11-30 18:12:29'),
(215, 1, 12, 9, 'Tamás', 'Horváth', '1987-06-18', 1, 0, 150, '2022-11-30 18:12:29', '2022-11-30 18:12:29'),
(216, 2, 10, 8, 'Kristóf', 'Szűcs', '1997-01-03', 1, 0, 150, '2022-11-30 18:12:29', '2022-11-30 18:12:29'),
(217, 21, 7, 4, 'Kristóf', 'Papp', '1993-05-14', 1, 0, 250, '2022-11-30 18:12:29', '2022-11-30 18:12:29'),
(218, 70, 6, 4, 'András', 'Jancsó', '1996-04-22', 1, 0, 200, '2022-11-30 18:12:29', '2022-11-30 18:12:29'),
(219, 67, 11, 4, 'Irakli', 'Maisuradze', '1988-08-22', 0, 1, 300, '2022-11-30 18:12:29', '2022-11-30 18:12:29'),
(220, 68, 3, 11, 'János', 'Hegedűs', '1996-10-04', 1, 0, 200, '2022-11-30 18:12:29', '2022-11-30 18:12:29'),
(221, 4, 10, 11, 'Dávid', 'Kálnoki Kis', '1991-08-06', 1, 0, 350, '2022-11-30 18:12:29', '2022-11-30 18:12:29'),
(222, 27, 3, 2, 'Liridon', 'Latifi', '1994-02-06', 0, 1, 750, '2022-11-30 18:12:29', '2022-11-30 18:12:29'),
(223, 37, 2, 1, 'Janek', 'Sternberg', '1992-10-19', 0, 1, 250, '2022-11-30 18:12:29', '2022-11-30 18:12:29'),
(224, 29, 7, 2, 'Tamás', 'Koltai', '1987-04-30', 1, 0, 200, '2022-11-30 18:12:29', '2022-11-30 18:12:29'),
(225, 15, 1, 11, 'Máté', 'Czingráber', '1997-06-13', 1, 0, 100, '2022-11-30 18:12:29', '2022-11-30 18:12:29'),
(226, 99, 9, 9, 'Botond', 'Antal', '1991-08-22', 1, 0, 150, '2022-11-30 18:12:29', '2022-11-30 18:12:29'),
(227, 15, 11, 11, 'Bence', 'Jagodics', '1994-03-31', 1, 0, 100, '2022-11-30 18:12:29', '2022-11-30 18:12:29'),
(228, 7, 8, 12, 'Bence', 'Tóth', '1989-07-22', 1, 0, 200, '2022-11-30 18:12:29', '2022-11-30 18:12:29'),
(229, 7, 3, 10, 'Márk', 'Szécsi', '1994-05-22', 1, 0, 150, '2022-11-30 18:12:29', '2022-11-30 18:12:29'),
(230, 17, 5, 10, NULL, 'Danilo', '1986-11-12', 0, 1, 300, '2022-11-30 18:12:29', '2022-11-30 18:12:29'),
(231, 11, 12, 8, 'Loïc', 'Nego', '1991-01-15', 0, 1, 900, '2022-11-30 18:12:29', '2022-11-30 18:12:29'),
(232, 25, 10, 3, 'Remzifaik', 'Selmani', '1997-05-05', 0, 1, 150, '2022-11-30 18:12:29', '2022-11-30 18:12:29'),
(233, 8, 6, 3, 'Funsho', 'Bamgboye', '1999-01-09', 0, 1, 75, '2022-11-30 18:12:29', '2022-11-30 18:12:29'),
(234, 81, 9, 11, 'Patrik', 'Ivánka', '1998-08-25', 1, 0, 50, '2022-11-30 18:12:29', '2022-11-30 18:12:29'),
(235, 41, 11, 7, 'Ferenc', 'Rácz', '1991-03-28', 1, 0, 75, '2022-11-30 18:12:29', '2022-11-30 18:12:29'),
(236, 10, 1, 12, 'Mohamed', 'Remili', '1985-05-31', 1, 0, 300, '2022-11-30 18:12:29', '2022-11-30 18:12:29'),
(237, 29, 10, 4, 'Gergő', 'Németh', '1999-03-03', 1, 0, 50, '2022-11-30 18:12:29', '2022-11-30 18:12:29'),
(238, 3, 12, 11, NULL, 'Vinícius', '1990-02-21', 1, 1, 1000, '2022-11-30 18:12:29', '2022-11-30 18:12:29'),
(239, 29, 4, 4, 'Erik', 'Kusnyír', '2000-02-07', 1, 0, 50, '2022-11-30 18:12:29', '2022-11-30 18:12:29'),
(240, 30, 12, 8, 'Roland', 'Szolnoki', '1992-01-21', 1, 0, 350, '2022-11-30 18:12:29', '2022-11-30 18:12:29'),
(241, 22, 9, 9, 'Ivan', 'Rados', '1984-02-21', 1, 1, 250, '2022-11-30 18:12:29', '2022-11-30 18:12:29'),
(242, 20, 7, 11, 'Péter', 'Zachán', '1997-12-12', 1, 0, 150, '2022-11-30 18:12:29', '2022-11-30 18:12:29'),
(243, 2, 11, 9, 'Krisztián', 'Pogacsics', '1985-10-17', 1, 0, 175, '2022-11-30 18:12:30', '2022-11-30 18:12:30'),
(244, 17, 7, 12, 'Dénes', 'Szakály', '1988-03-15', 1, 0, 200, '2022-11-30 18:12:30', '2022-11-30 18:12:30'),
(245, 35, 10, 9, 'Bence', 'Gundel-Takács', '1998-04-06', 1, 0, 50, '2022-11-30 18:12:30', '2022-11-30 18:12:30'),
(246, 77, 12, 8, 'Bendegúz', 'Bolla', '1999-11-22', 1, 0, 75, '2022-11-30 18:12:30', '2022-11-30 18:12:30'),
(247, 8, 10, 6, 'Benjámin', 'Cseke', '1994-07-22', 1, 0, 250, '2022-11-30 18:12:30', '2022-11-30 18:12:30'),
(248, 19, 8, 3, 'Márk', 'Koszta', '1996-09-26', 1, 0, 250, '2022-11-30 18:12:30', '2022-11-30 18:12:30'),
(249, 19, 4, 7, 'Justin', 'Mengolo', '1993-06-24', 0, 1, 350, '2022-11-30 18:12:30', '2022-11-30 18:12:30'),
(250, 12, 4, 9, 'Ján', 'Novota', '1983-11-29', 0, 1, 300, '2022-11-30 18:12:30', '2022-11-30 18:12:30'),
(251, 25, 5, 11, 'Ivan', 'Lovric', '1985-07-11', 1, 1, 250, '2022-11-30 18:12:30', '2022-11-30 18:12:30'),
(252, 38, 7, 4, 'Ádám', 'Hajdú', '1993-01-16', 1, 0, 200, '2022-11-30 18:12:30', '2022-11-30 18:12:30'),
(253, 46, 7, 4, 'Ádám', 'Simon', '1990-03-30', 1, 0, 275, '2022-11-30 18:12:30', '2022-11-30 18:12:30'),
(254, 19, 11, 3, 'Nemanja', 'Andric', '1987-06-13', 1, 1, 250, '2022-11-30 18:12:30', '2022-11-30 18:12:30'),
(255, 44, 6, 9, 'Márton', 'Gyurján', '1995-05-01', 1, 0, 75, '2022-11-30 18:12:30', '2022-11-30 18:12:30'),
(256, 40, 2, 3, 'Moutari', 'Amadou', '1994-01-19', 0, 1, 700, '2022-11-30 18:12:30', '2022-11-30 18:12:30'),
(257, 80, 8, 4, 'Máté', 'Köböl', '1992-04-14', 0, 1, 75, '2022-11-30 18:12:30', '2022-11-30 18:12:30'),
(258, 21, 10, 2, 'Benjámin', 'Balázs', '1990-04-26', 1, 0, 300, '2022-11-30 18:12:30', '2022-11-30 18:12:30'),
(259, 9, 10, 10, 'Patrik', 'Tischler', '1991-07-30', 1, 0, 250, '2022-11-30 18:12:30', '2022-11-30 18:12:30'),
(260, 27, 2, 6, 'Fernando', 'Gorriarán', '1994-11-27', 0, 1, 1100, '2022-11-30 18:12:30', '2022-11-30 18:12:30'),
(261, 1, 4, 9, 'Oleksandr', 'Nad', '1985-09-02', 1, 1, 200, '2022-11-30 18:12:30', '2022-11-30 18:12:30'),
(262, 42, 6, 9, 'Gergely', 'Lévay', '1993-08-15', 1, 0, 50, '2022-11-30 18:12:30', '2022-11-30 18:12:30'),
(263, 48, 9, 11, 'Dejan', 'Karan', '1988-08-25', 0, 1, 300, '2022-11-30 18:12:30', '2022-11-30 18:12:30'),
(264, 55, 3, 12, 'Péter', 'Szakály', '1986-08-17', 1, 0, 400, '2022-11-30 18:12:30', '2022-11-30 18:12:30'),
(265, 11, 11, 12, 'Carlo', 'Erdei', '1996-03-22', 1, 1, 50, '2022-11-30 18:12:30', '2022-11-30 18:12:30'),
(266, 80, 3, 12, 'Márk', 'Madarász', '1995-11-24', 1, 0, 200, '2022-11-30 18:12:30', '2022-11-30 18:12:30'),
(267, 15, 2, 12, 'Tamás', 'Hajnal', '1981-03-15', 1, 0, 100, '2022-11-30 18:12:31', '2022-11-30 18:12:31'),
(268, 20, 4, 10, 'Tamás', 'Takács', '1991-02-20', 1, 1, 150, '2022-11-30 18:12:31', '2022-11-30 18:12:31'),
(269, 14, 9, 3, 'Zsolt', 'Óvári', '1997-03-29', 1, 0, 250, '2022-11-30 18:12:31', '2022-11-30 18:12:31'),
(270, 28, 11, 8, 'Tibor', 'Bokros', '1988-08-28', 1, 0, 100, '2022-11-30 18:12:31', '2022-11-30 18:12:31'),
(271, 51, 12, 9, 'András', 'Hársfalvi', '1996-11-12', 1, 0, 50, '2022-11-30 18:12:31', '2022-11-30 18:12:31'),
(272, 33, 11, 1, 'Eke', 'Uzoma', '1989-08-11', 0, 1, 175, '2022-11-30 18:12:31', '2022-11-30 18:12:31'),
(273, 25, 2, 11, 'Miha', 'Blazic', '1993-05-08', 0, 1, 450, '2022-11-30 18:12:31', '2022-11-30 18:12:31'),
(274, 3, 4, 11, 'Csaba', 'Szatmári', '1994-06-14', 1, 0, 350, '2022-11-30 18:12:31', '2022-11-30 18:12:31'),
(275, 32, 1, 11, 'Vit', 'Benes', '1988-08-12', 0, 1, 400, '2022-11-30 18:12:31', '2022-11-30 18:12:31'),
(276, 8, 2, 7, 'Gergő', 'Lovrencsics', '1988-09-01', 1, 0, 900, '2022-11-30 18:12:31', '2022-11-30 18:12:31'),
(277, 18, 10, 4, 'Bojan', 'Sankovic', '1993-11-21', 0, 1, 250, '2022-11-30 18:12:31', '2022-11-30 18:12:31'),
(278, 77, 3, 10, 'Antonio', 'Perosevic', '1992-03-06', 0, 1, 450, '2022-11-30 18:12:31', '2022-11-30 18:12:31'),
(279, 22, 1, 11, 'Jan', 'Simunek', '1987-02-20', 0, 1, 250, '2022-11-30 18:12:31', '2022-11-30 18:12:31'),
(280, 22, 4, 9, 'Péter', 'Kovács', '2000-02-10', 1, 0, 50, '2022-11-30 18:12:31', '2022-11-30 18:12:31'),
(281, 11, 5, 10, 'Kadima', 'Kabangu', '1993-06-15', 0, 1, 125, '2022-11-30 18:12:31', '2022-11-30 18:12:31'),
(282, 5, 11, 11, 'László', 'Tamás', '1988-01-18', 1, 0, 150, '2022-11-30 18:12:31', '2022-11-30 18:12:31'),
(283, 24, 6, 12, 'Benjámin', 'Tóth', '1995-01-24', 1, 0, 75, '2022-11-30 18:12:31', '2022-11-30 18:12:31'),
(284, 20, 2, 6, 'Zoltán', 'Gera', '1979-04-22', 1, 0, 100, '2022-11-30 18:12:31', '2022-11-30 18:12:31'),
(285, 8, 8, 10, 'Roland', 'Baracskai', '1992-04-11', 1, 0, 125, '2022-11-30 18:12:31', '2022-11-30 18:12:31'),
(286, 10, 6, 7, 'Karol', 'Mészáros', '1993-07-25', 0, 1, 200, '2022-11-30 18:12:31', '2022-11-30 18:12:31'),
(287, 9, 11, 10, 'Ádám', 'Fekete', '1988-01-22', 1, 0, 100, '2022-11-30 18:12:31', '2022-11-30 18:12:31'),
(288, 22, 8, 9, 'Martin', 'Krnac', '1985-01-30', 0, 1, 150, '2022-11-30 18:12:31', '2022-11-30 18:12:31'),
(289, 97, 4, 9, 'István', 'Szabados', '1997-11-08', 1, 0, 50, '2022-11-30 18:12:31', '2022-11-30 18:12:31'),
(290, 80, 6, 12, 'Balázs', 'Petró', '1997-07-07', 1, 0, 100, '2022-11-30 18:12:31', '2022-11-30 18:12:31'),
(291, 3, 5, 1, 'Bence', 'Gergényi', '1998-03-16', 1, 0, 50, '2022-11-30 18:12:31', '2022-11-30 18:12:31'),
(292, 38, 8, 10, 'Tomas', 'Majtan', '1987-03-30', 0, 1, 150, '2022-11-30 18:12:31', '2022-11-30 18:12:31'),
(293, 19, 1, 11, 'Felix', 'Burmeister', '1990-03-09', 0, 1, 300, '2022-11-30 18:12:31', '2022-11-30 18:12:31'),
(294, 42, 2, 9, 'Ádám', 'Varga', '1999-02-12', 1, 0, 75, '2022-11-30 18:12:31', '2022-11-30 18:12:31'),
(295, 29, 6, 1, 'Milán', 'Németh', '1988-05-29', 1, 0, 125, '2022-11-30 18:12:31', '2022-11-30 18:12:31'),
(296, 7, 9, 10, 'Gábor', 'Makrai', '1996-06-26', 1, 0, 300, '2022-11-30 18:12:31', '2022-11-30 18:12:31'),
(297, 17, 4, 11, 'Norbert', 'Mészáros', '1980-08-19', 1, 0, 100, '2022-11-30 18:12:31', '2022-11-30 18:12:31'),
(298, 15, 5, 11, 'Stefan', 'Deák', '1991-03-23', 1, 1, 125, '2022-11-30 18:12:31', '2022-11-30 18:12:31'),
(299, 57, 5, 3, 'Filip', 'Holender', '1994-07-27', 1, 1, 300, '2022-11-30 18:12:31', '2022-11-30 18:12:31'),
(300, 21, 11, 4, 'Ante', 'Batarelo', '1984-11-21', 0, 1, 150, '2022-11-30 18:12:31', '2022-11-30 18:12:31'),
(301, 27, 6, 4, 'Lóránt', 'Kovács', '1993-06-06', 1, 1, 350, '2022-11-30 18:12:31', '2022-11-30 18:12:31'),
(302, 27, 4, 2, 'Ádám', 'Bódi', '1990-10-18', 1, 0, 400, '2022-11-30 18:12:31', '2022-11-30 18:12:31'),
(303, 28, 1, 11, 'Tamás', 'Vaskó', '1984-02-20', 1, 0, 250, '2022-11-30 18:12:31', '2022-11-30 18:12:31'),
(304, 33, 9, 10, 'Nikolaos', 'Ioannidis', '1994-04-26', 0, 1, 450, '2022-11-30 18:12:31', '2022-11-30 18:12:31'),
(305, 13, 3, 8, 'Ádám', 'Csilus', '1996-11-18', 1, 0, 150, '2022-11-30 18:12:32', '2022-11-30 18:12:32'),
(306, 17, 3, 4, 'László', 'Zsidai', '1986-07-16', 1, 0, 150, '2022-11-30 18:12:32', '2022-11-30 18:12:32'),
(307, 30, 3, 12, 'Josip', 'Knezevic', '1988-10-03', 0, 1, 600, '2022-11-30 18:12:32', '2022-11-30 18:12:32'),
(308, 4, 8, 4, 'Frano', 'Mlinar', '1992-03-30', 0, 1, 350, '2022-11-30 18:12:32', '2022-11-30 18:12:32'),
(309, 26, 6, 11, 'Márk', 'Jagodics', '1992-04-10', 1, 0, 200, '2022-11-30 18:12:32', '2022-11-30 18:12:32'),
(310, 11, 3, 7, 'Dániel', 'Prosser', '1994-06-15', 1, 0, 300, '2022-11-30 18:12:32', '2022-11-30 18:12:32'),
(311, 31, 7, 9, 'Gergő', 'Rácz', '1995-11-20', 1, 0, 50, '2022-11-30 18:12:32', '2022-11-30 18:12:32'),
(312, 6, 5, 6, 'Dániel', 'Gazdag', '1996-03-02', 1, 0, 450, '2022-11-30 18:12:32', '2022-11-30 18:12:32'),
(313, 9, 7, 10, 'János', 'Hahn', '1995-05-15', 1, 0, 200, '2022-11-30 18:12:32', '2022-11-30 18:12:32'),
(314, 22, 2, 11, 'Kenny', 'Otigba', '1992-08-29', 1, 1, 1300, '2022-11-30 18:12:32', '2022-11-30 18:12:32'),
(315, 88, 8, 11, 'Tamás', 'Szeles', '1993-12-07', 1, 0, 150, '2022-11-30 18:12:32', '2022-11-30 18:12:32'),
(316, 23, 5, 12, 'Bence', 'Banó-Szabó', '1999-07-25', 1, 0, 100, '2022-11-30 18:12:32', '2022-11-30 18:12:32'),
(317, 89, 5, 8, 'Balázs', 'Villám', '1989-06-02', 1, 0, 175, '2022-11-30 18:12:32', '2022-11-30 18:12:32'),
(318, 87, 1, 9, 'Lubos', 'Kamenar', '1987-06-17', 0, 1, 250, '2022-11-30 18:12:32', '2022-11-30 18:12:32');

-- --------------------------------------------------------

--
-- Tábla szerkezet ehhez a táblához `menus`
--

CREATE TABLE `menus` (
  `id` bigint(20) UNSIGNED NOT NULL,
  `menu_title` varchar(255) COLLATE utf8mb4_unicode_ci NOT NULL,
  `parent_id` int(11) NOT NULL DEFAULT '0',
  `sort_order` varchar(255) COLLATE utf8mb4_unicode_ci NOT NULL DEFAULT '0',
  `slug` varchar(255) COLLATE utf8mb4_unicode_ci NOT NULL,
  `created_at` timestamp NULL DEFAULT NULL,
  `updated_at` timestamp NULL DEFAULT NULL
) ENGINE=InnoDB DEFAULT CHARSET=utf8mb4 COLLATE=utf8mb4_unicode_ci;

--
-- A tábla adatainak kiíratása `menus`
--

INSERT INTO `menus` (`id`, `menu_title`, `parent_id`, `sort_order`, `slug`, `created_at`, `updated_at`) VALUES
(1, 'Hírek', 0, '0', '/', '2023-10-30 18:12:34', '2023-10-30 18:12:34'),
(2, 'Játékosok', 0, '1', '/players', '2023-10-30 18:12:35', '2023-10-30 18:12:35'),
(3, 'Részletes keresés', 2, '0', '/players/details', '2023-10-30 18:12:35', '2023-10-30 18:12:35'),
(4, 'Tabella', 0, '0', '/players/table', '2023-10-30 18:12:35', '2023-10-30 18:12:35');

-- --------------------------------------------------------

--
-- Tábla szerkezet ehhez a táblához `migrations`
--

CREATE TABLE `migrations` (
  `id` int(10) UNSIGNED NOT NULL,
  `migration` varchar(255) COLLATE utf8mb4_unicode_ci NOT NULL,
  `batch` int(11) NOT NULL
) ENGINE=InnoDB DEFAULT CHARSET=utf8mb4 COLLATE=utf8mb4_unicode_ci;

--
-- A tábla adatainak kiíratása `migrations`
--

INSERT INTO `migrations` (`id`, `migration`, `batch`) VALUES
(1, '2014_10_12_000000_create_users_table', 1),
(2, '2014_10_12_100000_create_password_resets_table', 1),
(3, '2019_08_19_000000_create_failed_jobs_table', 1),
(4, '2019_12_14_000001_create_personal_access_tokens_table', 1),
(5, '2021_11_11_191333_create_labdarugo_table', 1),
(6, '2021_11_11_191438_create_klub_table', 1),
(7, '2021_11_11_191446_create_poszt_table', 1),
(8, '2021_11_24_213343_add_role_column_to_users_table', 1),
(9, '2021_11_25_072759_create_menus_table', 1);

-- --------------------------------------------------------

--
-- Tábla szerkezet ehhez a táblához `password_resets`
--

CREATE TABLE `password_resets` (
  `email` varchar(255) COLLATE utf8mb4_unicode_ci NOT NULL,
  `token` varchar(255) COLLATE utf8mb4_unicode_ci NOT NULL,
  `created_at` timestamp NULL DEFAULT NULL
) ENGINE=InnoDB DEFAULT CHARSET=utf8mb4 COLLATE=utf8mb4_unicode_ci;

-- --------------------------------------------------------

--
-- Tábla szerkezet ehhez a táblához `personal_access_tokens`
--

CREATE TABLE `personal_access_tokens` (
  `id` bigint(20) UNSIGNED NOT NULL,
  `tokenable_type` varchar(255) COLLATE utf8mb4_unicode_ci NOT NULL,
  `tokenable_id` bigint(20) UNSIGNED NOT NULL,
  `name` varchar(255) COLLATE utf8mb4_unicode_ci NOT NULL,
  `token` varchar(64) COLLATE utf8mb4_unicode_ci NOT NULL,
  `abilities` text COLLATE utf8mb4_unicode_ci,
  `last_used_at` timestamp NULL DEFAULT NULL,
  `created_at` timestamp NULL DEFAULT NULL,
  `updated_at` timestamp NULL DEFAULT NULL
) ENGINE=InnoDB DEFAULT CHARSET=utf8mb4 COLLATE=utf8mb4_unicode_ci;

-- --------------------------------------------------------

--
-- Tábla szerkezet ehhez a táblához `poszt`
--

CREATE TABLE `poszt` (
  `id` bigint(20) UNSIGNED NOT NULL,
  `nev` varchar(255) COLLATE utf8mb4_unicode_ci NOT NULL,
  `created_at` timestamp NULL DEFAULT NULL,
  `updated_at` timestamp NULL DEFAULT NULL
) ENGINE=InnoDB DEFAULT CHARSET=utf8mb4 COLLATE=utf8mb4_unicode_ci;

--
-- A tábla adatainak kiíratása `poszt`
--

INSERT INTO `poszt` (`id`, `nev`, `created_at`, `updated_at`) VALUES
(1, 'bal oldali védő', '2022-11-30 18:12:33', '2022-11-30 18:12:33'),
(2, 'jobb oldali középpályás', '2022-11-30 18:12:33', '2022-11-30 18:12:33'),
(3, 'bal szélső', '2022-11-30 18:12:33', '2022-11-30 18:12:33'),
(4, 'védekező középpályás', '2022-11-30 18:12:33', '2022-11-30 18:12:33'),
(5, 'bal oldali középpályás', '2022-11-30 18:12:33', '2022-11-30 18:12:33'),
(6, 'belső középpályás', '2022-11-30 18:12:33', '2022-11-30 18:12:33'),
(7, 'jobb szélső', '2022-11-30 18:12:33', '2022-11-30 18:12:33'),
(8, 'jobb oldali védő', '2022-11-30 18:12:33', '2022-11-30 18:12:33'),
(9, 'kapus', '2022-11-30 18:12:33', '2022-11-30 18:12:33'),
(10, 'középcsatár', '2022-11-30 18:12:34', '2022-11-30 18:12:34'),
(11, 'középső védő', '2022-11-30 18:12:34', '2022-11-30 18:12:34'),
(12, 'támadó középpályás', '2022-11-30 18:12:34', '2022-11-30 18:12:34'),
(13, 'hátravont csatár', '2022-11-30 18:12:34', '2022-11-30 18:12:34'),
(14, 'jobboldali védő', '2022-11-30 18:12:34', '2022-11-30 18:12:34');

-- --------------------------------------------------------

--
-- Tábla szerkezet ehhez a táblához `users`
--

CREATE TABLE `users` (
  `id` bigint(20) UNSIGNED NOT NULL,
  `name` varchar(255) COLLATE utf8mb4_unicode_ci DEFAULT NULL,
  `email` varchar(255) COLLATE utf8mb4_unicode_ci NOT NULL,
  `username` varchar(255) COLLATE utf8mb4_unicode_ci NOT NULL,
  `email_verified_at` timestamp NULL DEFAULT NULL,
  `password` varchar(255) COLLATE utf8mb4_unicode_ci NOT NULL,
  `remember_token` varchar(100) COLLATE utf8mb4_unicode_ci DEFAULT NULL,
  `created_at` timestamp NULL DEFAULT NULL,
  `updated_at` timestamp NULL DEFAULT NULL,
  `role` enum('user','manager','admin') COLLATE utf8mb4_unicode_ci NOT NULL DEFAULT 'user'
) ENGINE=InnoDB DEFAULT CHARSET=utf8mb4 COLLATE=utf8mb4_unicode_ci;

--
-- A tábla adatainak kiíratása `users`
--

INSERT INTO `users` (`id`, `name`, `email`, `username`, `email_verified_at`, `password`, `remember_token`, `created_at`, `updated_at`, `role`) VALUES
(1, NULL, 'admin@nb1.io', 'administrator', NULL, '$2y$10$vjVOC7S3Wm5nrSYuDmYXxOc.c7SuaKE/oC/kzueTM0A9ibh8vqLuO', NULL, NULL, NULL, 'admin'),
(2, NULL, 'manager@nb1.io', 'manager', NULL, '$2y$10$.62PeMqV2hj1OiT.Fl4O2uW2sDNc.b/CzsePx.O660U2wg3aDhtPG', NULL, NULL, NULL, 'manager'),
(3, NULL, 'user@nb1.io', 'user', NULL, '$2y$10$UGBEj6OZM0XcWvxmrZ8B/.yXiYrz5kmpX9YDIbXtRnKqzY36iOZa2', NULL, NULL, NULL, 'user');

--
-- Indexek a kiírt táblákhoz
--

--
-- A tábla indexei `failed_jobs`
--
ALTER TABLE `failed_jobs`
  ADD PRIMARY KEY (`id`),
  ADD UNIQUE KEY `failed_jobs_uuid_unique` (`uuid`);

--
-- A tábla indexei `klub`
--
ALTER TABLE `klub`
  ADD PRIMARY KEY (`id`);

--
-- A tábla indexei `labdarugo`
--
ALTER TABLE `labdarugo`
  ADD PRIMARY KEY (`id`);

--
-- A tábla indexei `menus`
--
ALTER TABLE `menus`
  ADD PRIMARY KEY (`id`);

--
-- A tábla indexei `migrations`
--
ALTER TABLE `migrations`
  ADD PRIMARY KEY (`id`);

--
-- A tábla indexei `password_resets`
--
ALTER TABLE `password_resets`
  ADD KEY `password_resets_email_index` (`email`);

--
-- A tábla indexei `personal_access_tokens`
--
ALTER TABLE `personal_access_tokens`
  ADD PRIMARY KEY (`id`),
  ADD UNIQUE KEY `personal_access_tokens_token_unique` (`token`),
  ADD KEY `personal_access_tokens_tokenable_type_tokenable_id_index` (`tokenable_type`,`tokenable_id`);

--
-- A tábla indexei `poszt`
--
ALTER TABLE `poszt`
  ADD PRIMARY KEY (`id`);

--
-- A tábla indexei `users`
--
ALTER TABLE `users`
  ADD PRIMARY KEY (`id`),
  ADD UNIQUE KEY `users_email_unique` (`email`),
  ADD UNIQUE KEY `users_username_unique` (`username`);

--
-- A kiírt táblák AUTO_INCREMENT értéke
--

--
-- AUTO_INCREMENT a táblához `failed_jobs`
--
ALTER TABLE `failed_jobs`
  MODIFY `id` bigint(20) UNSIGNED NOT NULL AUTO_INCREMENT;

--
-- AUTO_INCREMENT a táblához `klub`
--
ALTER TABLE `klub`
  MODIFY `id` bigint(20) UNSIGNED NOT NULL AUTO_INCREMENT, AUTO_INCREMENT=13;

--
-- AUTO_INCREMENT a táblához `labdarugo`
--
ALTER TABLE `labdarugo`
  MODIFY `id` bigint(20) UNSIGNED NOT NULL AUTO_INCREMENT, AUTO_INCREMENT=319;

--
-- AUTO_INCREMENT a táblához `menus`
--
ALTER TABLE `menus`
  MODIFY `id` bigint(20) UNSIGNED NOT NULL AUTO_INCREMENT, AUTO_INCREMENT=5;

--
-- AUTO_INCREMENT a táblához `migrations`
--
ALTER TABLE `migrations`
  MODIFY `id` int(10) UNSIGNED NOT NULL AUTO_INCREMENT, AUTO_INCREMENT=10;

--
-- AUTO_INCREMENT a táblához `personal_access_tokens`
--
ALTER TABLE `personal_access_tokens`
  MODIFY `id` bigint(20) UNSIGNED NOT NULL AUTO_INCREMENT;

--
-- AUTO_INCREMENT a táblához `poszt`
--
ALTER TABLE `poszt`
  MODIFY `id` bigint(20) UNSIGNED NOT NULL AUTO_INCREMENT, AUTO_INCREMENT=15;

--
-- AUTO_INCREMENT a táblához `users`
--
ALTER TABLE `users`
  MODIFY `id` bigint(20) UNSIGNED NOT NULL AUTO_INCREMENT, AUTO_INCREMENT=4;
COMMIT;

/*!40101 SET CHARACTER_SET_CLIENT=@OLD_CHARACTER_SET_CLIENT */;
/*!40101 SET CHARACTER_SET_RESULTS=@OLD_CHARACTER_SET_RESULTS */;
/*!40101 SET COLLATION_CONNECTION=@OLD_COLLATION_CONNECTION */;
